{"cameraMode":{"drawMode":0,"name":"Shaded","section":"Shading Mode"},"sceneLighting":false,"audioPlay":false,"sceneViewState":{"m_AlwaysRefresh":false,"showFog":true,"showSkybox":false,"showFlares":true,"showImageEffects":true,"showParticleSystems":true,"showVisualEffectGraphs":true,"m_FxEnabled":true},"in2DMode":false,"pivot":{"x":-0.8754632472991943,"y":1.9366436004638672,"z":-1.6850513219833375},"rotation":{"x":-0.09707961976528168,"y":0.7104237675666809,"z":-0.09997634589672089,"w":-0.6898396015167236},"size":3.5660250186920168,"orthographic":false}